item,condition,attractor,case,verb,sentence,model_type,attention_entropy,attention_diff
1,amb_sg_sg,sg,amb,sg,Der Telephonanruf für die Studentin ist bekannt.,bert,1.1559552,-0.01593529843778619
1,amb_sg_pl,sg,amb,pl,Der Telephonanruf für die Studentin sind bekannt.,bert,1.142174,-0.010096361536022433
1,amb_pl_sg,pl,amb,sg,Der Telephonanruf für die Studentinnen ist bekannt.,bert,1.1465873,-0.015372678070933149
1,amb_pl_pl,pl,amb,pl,Der Telephonanruf für die Studentinnen sind bekannt.,bert,1.1510569,-0.021082614408963536
1,unamb_sg_sg,sg,unamb,sg,Der Telephonanruf bei der Studentin ist bekannt.,bert,1.1254456,-0.005700042387393994
1,unamb_sg_pl,sg,unamb,pl,Der Telephonanruf bei der Studentin sind bekannt.,bert,1.1253668,-0.002598117139132647
1,unamb_pl_sg,pl,unamb,sg,Der Telephonanruf bei den Studentinnen ist bekannt.,bert,1.1089035,-0.009319054470397832
1,unamb_pl_pl,pl,unamb,pl,Der Telephonanruf bei den Studentinnen sind bekannt.,bert,1.1640841,-0.014303625606398876
2,amb_sg_sg,sg,amb,sg,Der Antrag an das Amt ist bekannt.,bert,0.9729301,0.03118214158069712
2,amb_sg_pl,sg,amb,pl,Der Antrag an das Amt sind bekannt.,bert,1.039223,0.031171909297463298
2,amb_pl_sg,pl,amb,sg,Der Antrag an die Ämter ist bekannt.,bert,1.0048077,-0.01244339779627076
2,amb_pl_pl,pl,amb,pl,Der Antrag an die Ämter sind bekannt.,bert,1.0713307,-0.010449749069888804
2,unamb_sg_sg,sg,unamb,sg,Der Antrag bei dem Amt ist bekannt.,bert,1.0237762,0.021205492108120255
2,unamb_sg_pl,sg,unamb,pl,Der Antrag bei dem Amt sind bekannt.,bert,1.0912575,0.01973455734825956
2,unamb_pl_sg,pl,unamb,sg,Der Antrag bei den Ämtern ist bekannt.,bert,1.0480169,-0.015367293175938414
2,unamb_pl_pl,pl,unamb,pl,Der Antrag bei den Ämtern sind bekannt.,bert,1.1034534,-0.015818828575562688
3,amb_sg_sg,sg,amb,sg,Der Hinweis auf das Dokument ist bekannt.,bert,1.0100217,0.06944132014335264
3,amb_sg_pl,sg,amb,pl,Der Hinweis auf das Dokument sind bekannt.,bert,1.0643761,0.10370728148285178
3,amb_pl_sg,pl,amb,sg,Der Hinweis auf die Dokumente ist bekannt.,bert,1.0165989,0.05958558866465279
3,amb_pl_pl,pl,amb,pl,Der Hinweis auf die Dokumente sind bekannt.,bert,1.0657632,0.06075323215954319
3,unamb_sg_sg,sg,unamb,sg,Der Hinweis in dem Dokument ist bekannt.,bert,1.03952,0.041579519590301615
3,unamb_sg_pl,sg,unamb,pl,Der Hinweis in dem Dokument sind bekannt.,bert,1.124089,0.06340091299215565
3,unamb_pl_sg,pl,unamb,sg,Der Hinweis in den Dokumenten ist bekannt.,bert,1.0247618,0.03874520053155339
3,unamb_pl_pl,pl,unamb,pl,Der Hinweis in den Dokumenten sind bekannt.,bert,1.1094413,0.05571171428131545
4,amb_sg_sg,sg,amb,sg,Der Computer für die Universität ist bekannt.,bert,1.0643944,-0.022793989860697736
4,amb_sg_pl,sg,amb,pl,Der Computer für die Universität sind bekannt.,bert,1.0427891,-0.02372721337630416
4,amb_pl_sg,pl,amb,sg,Der Computer für die Universitäten ist bekannt.,bert,1.0643944,-0.022793989860697736
4,amb_pl_pl,pl,amb,pl,Der Computer für die Universitäten sind bekannt.,bert,1.0427891,-0.02372721337630416
4,unamb_sg_sg,sg,unamb,sg,Der Computer in der Universität ist bekannt.,bert,1.0888349,-0.03310073451274949
4,unamb_sg_pl,sg,unamb,pl,Der Computer in der Universität sind bekannt.,bert,1.0607209,-0.03207577114572413
4,unamb_pl_sg,pl,unamb,sg,Der Computer in den Universitäten ist bekannt.,bert,1.0675826,-0.032406070782558846
4,unamb_pl_pl,pl,unamb,pl,Der Computer in den Universitäten sind bekannt.,bert,1.0420527,-0.031672614495261646
5,amb_sg_sg,sg,amb,sg,Der Hilferuf für die Polizeizentrale ist bekannt.,bert,1.1651194,-0.021972682271653304
5,amb_sg_pl,sg,amb,pl,Der Hilferuf für die Polizeizentrale sind bekannt.,bert,1.1828803,-0.017745311034782895
5,amb_pl_sg,pl,amb,sg,Der Hilferuf für die Polizeizentralen ist bekannt.,bert,1.1647831,-0.017578052666514153
5,amb_pl_pl,pl,amb,pl,Der Hilferuf für die Polizeizentralen sind bekannt.,bert,1.1945822,-0.018485415436637183
5,unamb_sg_sg,sg,unamb,sg,Der Hilferuf in der Polizeizentrale ist bekannt.,bert,1.0977073,-0.013646277512745636
5,unamb_sg_pl,sg,unamb,pl,Der Hilferuf in der Polizeizentrale sind bekannt.,bert,1.1379017,-0.010922954081755663
5,unamb_pl_sg,pl,unamb,sg,Der Hilferuf in den Polizeizentralen ist bekannt.,bert,1.0859219,-0.011278426900110695
5,unamb_pl_pl,pl,unamb,pl,Der Hilferuf in den Polizeizentralen sind bekannt.,bert,1.155114,-0.01244755873829305
6,amb_sg_sg,sg,amb,sg,Der Brief an die Mutter ist bekannt.,bert,0.93458235,0.002224902586164111
6,amb_sg_pl,sg,amb,pl,Der Brief an die Mutter sind bekannt.,bert,0.9878914,0.008608029428684088
6,amb_pl_sg,pl,amb,sg,Der Brief an die Mütter ist bekannt.,bert,0.9889307,-0.029632121842889915
6,amb_pl_pl,pl,amb,pl,Der Brief an die Mütter sind bekannt.,bert,1.0493228,-0.030295845589630242
6,unamb_sg_sg,sg,unamb,sg,Der Brief von der Mutter ist bekannt.,bert,0.9592782,0.0004954286697059877
6,unamb_sg_pl,sg,unamb,pl,Der Brief von der Mutter sind bekannt.,bert,1.0052812,0.007790005156288712
6,unamb_pl_sg,pl,unamb,sg,Der Brief von den Müttern ist bekannt.,bert,0.9938448,-0.034813116288860385
6,unamb_pl_pl,pl,unamb,pl,Der Brief von den Müttern sind bekannt.,bert,1.0609804,-0.03627269500515327
7,amb_sg_sg,sg,amb,sg,Der Einbruch in die Bank ist bekannt.,bert,1.0528263,0.009359119406089585
7,amb_sg_pl,sg,amb,pl,Der Einbruch in die Bank sind bekannt.,bert,1.0312331,0.015374533705929115
7,amb_pl_sg,pl,amb,sg,Der Einbruch in die Banken ist bekannt.,bert,1.0592701,0.007302618510399303
7,amb_pl_pl,pl,amb,pl,Der Einbruch in die Banken sind bekannt.,bert,1.0621858,-0.00012289536406615356
7,unamb_sg_sg,sg,unamb,sg,Der Einbruch bei der Bank ist bekannt.,bert,1.0967715,0.012017194122869286
7,unamb_sg_pl,sg,unamb,pl,Der Einbruch bei der Bank sind bekannt.,bert,1.0743368,0.016974382467079926
7,unamb_pl_sg,pl,unamb,sg,Der Einbruch bei den Banken ist bekannt.,bert,1.0932682,0.011499886434300478
7,unamb_pl_pl,pl,unamb,pl,Der Einbruch bei den Banken sind bekannt.,bert,1.1109515,0.003965765300785649
8,amb_sg_sg,sg,amb,sg,Der Ratschlag für die Hausfrau ist bekannt.,bert,1.1396304,-0.007211831906767392
8,amb_sg_pl,sg,amb,pl,Der Ratschlag für die Hausfrau sind bekannt.,bert,1.2158954,0.022945055150836127
8,amb_pl_sg,pl,amb,sg,Der Ratschlag für die Hausfrauen ist bekannt.,bert,1.1152794,0.003636276645088511
8,amb_pl_pl,pl,amb,pl,Der Ratschlag für die Hausfrauen sind bekannt.,bert,1.1885067,0.005823085824998242
8,unamb_sg_sg,sg,unamb,sg,Der Ratschlag von der Hausfrau ist bekannt.,bert,1.0752119,0.004802372591543036
8,unamb_sg_pl,sg,unamb,pl,Der Ratschlag von der Hausfrau sind bekannt.,bert,1.1399791,0.03995934098912909
8,unamb_pl_sg,pl,unamb,sg,Der Ratschlag von den Hausfrauen ist bekannt.,bert,1.0507556,0.02222172762744197
8,unamb_pl_pl,pl,unamb,pl,Der Ratschlag von den Hausfrauen sind bekannt.,bert,1.1477745,0.04441001048000359
9,amb_sg_sg,sg,amb,sg,Der Angriff auf die Industriestadt ist bekannt.,bert,1.0549588,0.008357679915316628
9,amb_sg_pl,sg,amb,pl,Der Angriff auf die Industriestadt sind bekannt.,bert,1.0677418,0.004045447935344025
9,amb_pl_sg,pl,amb,sg,Der Angriff auf die Industriestädte ist bekannt.,bert,1.0221318,-0.019375237220193325
9,amb_pl_pl,pl,amb,pl,Der Angriff auf die Industriestädte sind bekannt.,bert,1.0487341,-0.023448394416941507
9,unamb_sg_sg,sg,unamb,sg,Der Angriff bei der Industriestadt ist bekannt.,bert,1.0726066,0.0020362305507010334
9,unamb_sg_pl,sg,unamb,pl,Der Angriff bei der Industriestadt sind bekannt.,bert,1.0864646,-0.0038341479447483832
9,unamb_pl_sg,pl,unamb,sg,Der Angriff bei den Industriestädten ist bekannt.,bert,1.0711849,-0.026500156254757243
9,unamb_pl_pl,pl,unamb,pl,Der Angriff bei den Industriestädten sind bekannt.,bert,1.0904204,-0.034883445613483235
10,amb_sg_sg,sg,amb,sg,Der Bericht über das Fussballspiel ist bekannt.,bert,1.1849705,0.0016746295977591863
10,amb_sg_pl,sg,amb,pl,Der Bericht über das Fussballspiel sind bekannt.,bert,1.2364913,0.007183274246424197
10,amb_pl_sg,pl,amb,sg,Der Bericht über die Fussballspiele ist bekannt.,bert,1.1793691,0.0013972028906480832
10,amb_pl_pl,pl,amb,pl,Der Bericht über die Fussballspiele sind bekannt.,bert,1.2490338,-0.007234306925135638
10,unamb_sg_sg,sg,unamb,sg,Der Bericht nach dem Fussballspiel ist bekannt.,bert,1.1166934,0.00783876649560547
10,unamb_sg_pl,sg,unamb,pl,Der Bericht nach dem Fussballspiel sind bekannt.,bert,1.1775852,0.004366281222024558
10,unamb_pl_sg,pl,unamb,sg,Der Bericht nach den Fussballspielen ist bekannt.,bert,1.109173,0.00894999413704007
10,unamb_pl_pl,pl,unamb,pl,Der Bericht nach den Fussballspielen sind bekannt.,bert,1.1904542,0.004448917202328387
11,amb_sg_sg,sg,amb,sg,Der Aufstand gegen das Nachbarland ist bekannt.,bert,1.0589795,-0.015088065386147848
11,amb_sg_pl,sg,amb,pl,Der Aufstand gegen das Nachbarland sind bekannt.,bert,1.0741916,-0.005327555531789756
11,amb_pl_sg,pl,amb,sg,Der Aufstand gegen die Nachbarländer ist bekannt.,bert,1.0118496,-0.02377538480758698
11,amb_pl_pl,pl,amb,pl,Der Aufstand gegen die Nachbarländer sind bekannt.,bert,1.0527141,-0.01909061206338569
11,unamb_sg_sg,sg,unamb,sg,Der Aufstand in dem Nachbarland ist bekannt.,bert,1.059596,-0.03112776681734525
11,unamb_sg_pl,sg,unamb,pl,Der Aufstand in dem Nachbarland sind bekannt.,bert,1.0660279,-0.020811573520678747
11,unamb_pl_sg,pl,unamb,sg,Der Aufstand in den Nachbarländern ist bekannt.,bert,1.012583,-0.0309742724685408
11,unamb_pl_pl,pl,unamb,pl,Der Aufstand in den Nachbarländern sind bekannt.,bert,1.021736,-0.028426469018623148
12,amb_sg_sg,sg,amb,sg,Der Aufsatz für das Wochenblatt ist bekannt.,bert,1.1439689,0.00015746634262252257
12,amb_sg_pl,sg,amb,pl,Der Aufsatz für das Wochenblatt sind bekannt.,bert,1.1810731,-0.014723780428647693
12,amb_pl_sg,pl,amb,sg,Der Aufsatz für die Wochenblätter ist bekannt.,bert,1.0509183,0.015216298949938832
12,amb_pl_pl,pl,amb,pl,Der Aufsatz für die Wochenblätter sind bekannt.,bert,1.073081,-0.0058211996061759835
12,unamb_sg_sg,sg,unamb,sg,Der Aufsatz in dem Wochenblatt ist bekannt.,bert,1.115496,-0.009421747359849866
12,unamb_sg_pl,sg,unamb,pl,Der Aufsatz in dem Wochenblatt sind bekannt.,bert,1.1490111,-0.021752731519734735
12,unamb_pl_sg,pl,unamb,sg,Der Aufsatz in den Wochenblättern ist bekannt.,bert,1.0234427,-0.007078130250209536
12,unamb_pl_pl,pl,unamb,pl,Der Aufsatz in den Wochenblättern sind bekannt.,bert,1.0534552,-0.021466048174271137
13,amb_sg_sg,sg,amb,sg,Der Bericht über die Ärztin ist bekannt.,bert,1.0629529,-0.0022726221461582888
13,amb_sg_pl,sg,amb,pl,Der Bericht über die Ärztin sind bekannt.,bert,1.1131804,-0.006167324207866566
13,amb_pl_sg,pl,amb,sg,Der Bericht über die Ärztinnen ist bekannt.,bert,1.0629529,-0.0022726221461582888
13,amb_pl_pl,pl,amb,pl,Der Bericht über die Ärztinnen sind bekannt.,bert,1.1131804,-0.006167324207866566
13,unamb_sg_sg,sg,unamb,sg,Der Bericht von der Ärztin ist bekannt.,bert,1.0612514,-0.007816240659062647
13,unamb_sg_pl,sg,unamb,pl,Der Bericht von der Ärztin sind bekannt.,bert,1.1166761,-0.001805528638040746
13,unamb_pl_sg,pl,unamb,sg,Der Bericht von den Ärztinnen ist bekannt.,bert,1.0583116,-0.008109068173846004
13,unamb_pl_pl,pl,unamb,pl,Der Bericht von den Ärztinnen sind bekannt.,bert,1.1162711,-0.0036799021718953925
14,amb_sg_sg,sg,amb,sg,Der Verweis auf die Akte ist bekannt.,bert,1.0109569,0.08169694776126137
14,amb_sg_pl,sg,amb,pl,Der Verweis auf die Akte sind bekannt.,bert,1.0283731,0.09622994143050398
14,amb_pl_sg,pl,amb,sg,Der Verweis auf die Akten ist bekannt.,bert,1.042031,0.08041141792050492
14,amb_pl_pl,pl,amb,pl,Der Verweis auf die Akten sind bekannt.,bert,1.0572711,0.09219944524658796
14,unamb_sg_sg,sg,unamb,sg,Der Verweis in der Akte ist bekannt.,bert,1.0203834,0.023705386029806957
14,unamb_sg_pl,sg,unamb,pl,Der Verweis in der Akte sind bekannt.,bert,1.0798486,0.03251793391337718
14,unamb_pl_sg,pl,unamb,sg,Der Verweis in den Akten ist bekannt.,bert,1.0293405,0.030116112782116303
14,unamb_pl_pl,pl,unamb,pl,Der Verweis in den Akten sind bekannt.,bert,1.094229,0.026293744944757093
15,amb_sg_sg,sg,amb,sg,Der Kredit für die Grossbank ist bekannt.,bert,1.1503798,-0.02037022759970817
15,amb_sg_pl,sg,amb,pl,Der Kredit für die Grossbank sind bekannt.,bert,1.1269666,-0.01822302407601427
15,amb_pl_sg,pl,amb,sg,Der Kredit für die Grossbanken ist bekannt.,bert,1.1368036,-0.028434198911961646
15,amb_pl_pl,pl,amb,pl,Der Kredit für die Grossbanken sind bekannt.,bert,1.1411505,-0.035460818025835485
15,unamb_sg_sg,sg,unamb,sg,Der Kredit von der Grossbank ist bekannt.,bert,1.063188,-0.008873995942854908
15,unamb_sg_pl,sg,unamb,pl,Der Kredit von der Grossbank sind bekannt.,bert,1.035428,-0.0076468878297577675
15,unamb_pl_sg,pl,unamb,sg,Der Kredit von den Grossbanken ist bekannt.,bert,1.0639876,-0.019206692590833727
15,unamb_pl_pl,pl,unamb,pl,Der Kredit von den Grossbanken sind bekannt.,bert,1.0649749,-0.026660878464765624
16,amb_sg_sg,sg,amb,sg,Das Gespräch über das Mädchen ist bekannt.,bert,0.9559082,-0.0058183458712888665
16,amb_sg_pl,sg,amb,pl,Das Gespräch über das Mädchen sind bekannt.,bert,1.0094986,-0.007000465736765351
16,amb_pl_sg,pl,amb,sg,Das Gespräch über die Mädchen ist bekannt.,bert,0.9856922,-0.004768056382263488
16,amb_pl_pl,pl,amb,pl,Das Gespräch über die Mädchen sind bekannt.,bert,1.0272658,-0.0062542071926398254
16,unamb_sg_sg,sg,unamb,sg,Das Gespräch mit dem Mädchen ist bekannt.,bert,1.021916,-0.0027268520711550143
16,unamb_sg_pl,sg,unamb,pl,Das Gespräch mit dem Mädchen sind bekannt.,bert,1.0478994,-0.005593563897424519
16,unamb_pl_sg,pl,unamb,sg,Das Gespräch mit den Mädchen ist bekannt.,bert,1.0052061,-0.0030289473988694207
16,unamb_pl_pl,pl,unamb,pl,Das Gespräch mit den Mädchen sind bekannt.,bert,1.0569036,-0.005893677964935
17,amb_sg_sg,sg,amb,sg,Das Buch über die Bibliothek ist bekannt.,bert,1.0772547,-0.016507753612727667
17,amb_sg_pl,sg,amb,pl,Das Buch über die Bibliothek sind bekannt.,bert,1.0513998,-0.013075042687754251
17,amb_pl_sg,pl,amb,sg,Das Buch über die Bibliotheken ist bekannt.,bert,1.0840111,-0.010439155026915543
17,amb_pl_pl,pl,amb,pl,Das Buch über die Bibliotheken sind bekannt.,bert,1.0564659,-0.015831678812346546
17,unamb_sg_sg,sg,unamb,sg,Das Buch in der Bibliothek ist bekannt.,bert,1.022783,-0.020666103568412125
17,unamb_sg_pl,sg,unamb,pl,Das Buch in der Bibliothek sind bekannt.,bert,1.0362747,-0.013482837843122517
17,unamb_pl_sg,pl,unamb,sg,Das Buch in den Bibliotheken ist bekannt.,bert,1.0289787,-0.022971176312688375
17,unamb_pl_pl,pl,unamb,pl,Das Buch in den Bibliotheken sind bekannt.,bert,1.037174,-0.0181762267705599
18,amb_sg_sg,sg,amb,sg,Das Bild für die Frau ist bekannt.,bert,1.0721123,0.022928408153181357
18,amb_sg_pl,sg,amb,pl,Das Bild für die Frau sind bekannt.,bert,1.102158,0.021204532354942407
18,amb_pl_sg,pl,amb,sg,Das Bild für die Frauen ist bekannt.,bert,1.0785844,0.025521049695579424
18,amb_pl_pl,pl,amb,pl,Das Bild für die Frauen sind bekannt.,bert,1.1108191,0.011633371944990353
18,unamb_sg_sg,sg,unamb,sg,Das Bild mit der Frau ist bekannt.,bert,0.9910019,0.007806667894610271
18,unamb_sg_pl,sg,unamb,pl,Das Bild mit der Frau sind bekannt.,bert,1.0303028,0.008325383657865316
18,unamb_pl_sg,pl,unamb,sg,Das Bild mit den Frauen ist bekannt.,bert,0.9955271,0.022050058589659135
18,unamb_pl_pl,pl,unamb,pl,Das Bild mit den Frauen sind bekannt.,bert,1.072233,0.014305300775044081
19,amb_sg_sg,sg,amb,sg,Das Telegramm für die Sängerin ist bekannt.,bert,1.079673,0.010370949034347238
19,amb_sg_pl,sg,amb,pl,Das Telegramm für die Sängerin sind bekannt.,bert,1.1054192,-0.005626633879015252
19,amb_pl_sg,pl,amb,sg,Das Telegramm für die Sängerinnen ist bekannt.,bert,1.079673,0.010370949034347238
19,amb_pl_pl,pl,amb,pl,Das Telegramm für die Sängerinnen sind bekannt.,bert,1.1054192,-0.005626633879015252
19,unamb_sg_sg,sg,unamb,sg,Das Telegramm von der Sängerin ist bekannt.,bert,1.0660721,0.003281510844993743
19,unamb_sg_pl,sg,unamb,pl,Das Telegramm von der Sängerin sind bekannt.,bert,1.1030695,-0.010298410911200435
19,unamb_pl_sg,pl,unamb,sg,Das Telegramm von den Sängerinnen ist bekannt.,bert,1.0629754,0.004071806782528074
19,unamb_pl_pl,pl,unamb,pl,Das Telegramm von den Sängerinnen sind bekannt.,bert,1.1104378,-0.011804952580669957
20,amb_sg_sg,sg,amb,sg,Das Gerücht über die Kleinstadt ist bekannt.,bert,1.087601,-0.022216878979004845
20,amb_sg_pl,sg,amb,pl,Das Gerücht über die Kleinstadt sind bekannt.,bert,1.1117083,-0.0349754043826908
20,amb_pl_sg,pl,amb,sg,Das Gerücht über die Kleinstädte ist bekannt.,bert,0.9856922,-0.004768056382263488
20,amb_pl_pl,pl,amb,pl,Das Gerücht über die Kleinstädte sind bekannt.,bert,1.0272658,-0.0062542071926398254
20,unamb_sg_sg,sg,unamb,sg,Das Gerücht in der Kleinstadt ist bekannt.,bert,1.1031218,-0.011804392655034066
20,unamb_sg_pl,sg,unamb,pl,Das Gerücht in der Kleinstadt sind bekannt.,bert,1.1180644,-0.03240652552049085
20,unamb_pl_sg,pl,unamb,sg,Das Gerücht in den Kleinstädten ist bekannt.,bert,0.9943023,-0.004629889010485111
20,unamb_pl_pl,pl,unamb,pl,Das Gerücht in den Kleinstädten sind bekannt.,bert,1.034246,-0.006990113558053124
21,amb_sg_sg,sg,amb,sg,Das Geschenk für die Tante ist bekannt.,bert,1.0881298,0.007091755210787323
21,amb_sg_pl,sg,amb,pl,Das Geschenk für die Tante sind bekannt.,bert,1.094372,0.006368332084644705
21,amb_pl_sg,pl,amb,sg,Das Geschenk für die Tanten ist bekannt.,bert,1.0894873,0.0068406108505404024
21,amb_pl_pl,pl,amb,pl,Das Geschenk für die Tanten sind bekannt.,bert,1.0970106,0.0009421017823787042
21,unamb_sg_sg,sg,unamb,sg,Das Geschenk von der Tante ist bekannt.,bert,1.011431,0.014150057094281545
21,unamb_sg_pl,sg,unamb,pl,Das Geschenk von der Tante sind bekannt.,bert,1.0383265,0.015300221908258561
21,unamb_pl_sg,pl,unamb,sg,Das Geschenk von den Tanten ist bekannt.,bert,1.0025737,0.01599908913751592
21,unamb_pl_pl,pl,unamb,pl,Das Geschenk von den Tanten sind bekannt.,bert,1.05456,0.013321632168266082
22,amb_sg_sg,sg,amb,sg,Die Beratung über die Fabrik ist bekannt.,bert,1.1434376,0.004450409708450086
22,amb_sg_pl,sg,amb,pl,Die Beratung über die Fabrik sind bekannt.,bert,1.1482098,0.009235345534402091
22,amb_pl_sg,pl,amb,sg,Die Beratung über die Fabriken ist bekannt.,bert,1.1332366,0.00718452673348122
22,amb_pl_pl,pl,amb,pl,Die Beratung über die Fabriken sind bekannt.,bert,1.1522181,0.005894831456726261
22,unamb_sg_sg,sg,unamb,sg,Die Beratung in der Fabrik ist bekannt.,bert,1.0401291,0.0013836115895892176
22,unamb_sg_pl,sg,unamb,pl,Die Beratung in der Fabrik sind bekannt.,bert,1.0324185,-0.0025859213487144303
22,unamb_pl_sg,pl,unamb,sg,Die Beratung in den Fabriken ist bekannt.,bert,1.007151,0.001491782502808417
22,unamb_pl_pl,pl,unamb,pl,Die Beratung in den Fabriken sind bekannt.,bert,1.009086,-0.004496602285518878
23,amb_sg_sg,sg,amb,sg,Die Überweisung auf das Konto ist bekannt.,bert,1.0460455,0.013883013573906124
23,amb_sg_pl,sg,amb,pl,Die Überweisung auf das Konto sind bekannt.,bert,1.0624563,0.005391765126294926
23,amb_pl_sg,pl,amb,sg,Die Überweisung auf die Konten ist bekannt.,bert,1.0723056,0.00387957784790003
23,amb_pl_pl,pl,amb,pl,Die Überweisung auf die Konten sind bekannt.,bert,1.0804597,-0.01503236695732664
23,unamb_sg_sg,sg,unamb,sg,Die Überweisung von dem Konto ist bekannt.,bert,1.1035545,0.022208072766306007
23,unamb_sg_pl,sg,unamb,pl,Die Überweisung von dem Konto sind bekannt.,bert,1.0987269,0.015706430009510046
23,unamb_pl_sg,pl,unamb,sg,Die Überweisung von den Konten ist bekannt.,bert,1.0989742,0.01243012619774736
23,unamb_pl_pl,pl,unamb,pl,Die Überweisung von den Konten sind bekannt.,bert,1.0991722,-0.007446977244732179
24,amb_sg_sg,sg,amb,sg,Die Übersetzung in die Fremdsprache ist bekannt.,bert,1.0866764,-0.06994452581083083
24,amb_sg_pl,sg,amb,pl,Die Übersetzung in die Fremdsprache sind bekannt.,bert,1.1168617,-0.046185340859486335
24,amb_pl_sg,pl,amb,sg,Die Übersetzung in die Fremdsprachen ist bekannt.,bert,1.0438496,-0.040439125955060176
24,amb_pl_pl,pl,amb,pl,Die Übersetzung in die Fremdsprachen sind bekannt.,bert,1.0900478,-0.02863620966497514
24,unamb_sg_sg,sg,unamb,sg,Die Übersetzung aus der Fremdsprache ist bekannt.,bert,1.145459,-0.07303540302607768
24,unamb_sg_pl,sg,unamb,pl,Die Übersetzung aus der Fremdsprache sind bekannt.,bert,1.1691326,-0.043248186542438734
24,unamb_pl_sg,pl,unamb,sg,Die Übersetzung aus den Fremdsprachen ist bekannt.,bert,1.1213137,-0.03341062511396397
24,unamb_pl_pl,pl,unamb,pl,Die Übersetzung aus den Fremdsprachen sind bekannt.,bert,1.1507528,-0.023485859458144506
25,amb_sg_sg,sg,amb,sg,Die Stellungnahme gegen die Demonstration ist bekannt.,bert,1.0510734,0.0655895804064345
25,amb_sg_pl,sg,amb,pl,Die Stellungnahme gegen die Demonstration sind bekannt.,bert,1.0644691,0.05407165281957015
25,amb_pl_sg,pl,amb,sg,Die Stellungnahme gegen die Demonstrationen ist bekannt.,bert,1.0505385,0.0600341502749967
25,amb_pl_pl,pl,amb,pl,Die Stellungnahme gegen die Demonstrationen sind bekannt.,bert,1.0627826,0.04482293066218132
25,unamb_sg_sg,sg,unamb,sg,Die Stellungnahme zu der Demonstration ist bekannt.,bert,1.0351585,0.06895599489325158
25,unamb_sg_pl,sg,unamb,pl,Die Stellungnahme zu der Demonstration sind bekannt.,bert,1.0555968,0.059989268515039246
25,unamb_pl_sg,pl,unamb,sg,Die Stellungnahme zu den Demonstrationen ist bekannt.,bert,1.0314794,0.06103550045946339
25,unamb_pl_pl,pl,unamb,pl,Die Stellungnahme zu den Demonstrationen sind bekannt.,bert,1.0534503,0.04830241945702288
26,amb_sg_sg,sg,amb,sg,Die Unterhaltung über die Künstlerin ist bekannt.,bert,1.0550361,0.006882190769675611
26,amb_sg_pl,sg,amb,pl,Die Unterhaltung über die Künstlerin sind bekannt.,bert,1.0983545,0.006954553679995534
26,amb_pl_sg,pl,amb,sg,Die Unterhaltung über die Künstlerinnen ist bekannt.,bert,1.0550361,0.006882190769675611
26,amb_pl_pl,pl,amb,pl,Die Unterhaltung über die Künstlerinnen sind bekannt.,bert,1.0983545,0.006954553679995534
26,unamb_sg_sg,sg,unamb,sg,Die Unterhaltung mit der Künstlerin ist bekannt.,bert,1.0547156,0.010810232984401334
26,unamb_sg_pl,sg,unamb,pl,Die Unterhaltung mit der Künstlerin sind bekannt.,bert,1.0655704,0.00935683114452509
26,unamb_pl_sg,pl,unamb,sg,Die Unterhaltung mit den Künstlerinnen ist bekannt.,bert,1.0500045,0.010691208605260391
26,unamb_pl_pl,pl,unamb,pl,Die Unterhaltung mit den Künstlerinnen sind bekannt.,bert,1.0678194,0.008830844945236602
27,amb_sg_sg,sg,amb,sg,Die Verhandlung über die Schule ist bekannt.,bert,1.1330223,0.0231305907838786
27,amb_sg_pl,sg,amb,pl,Die Verhandlung über die Schule sind bekannt.,bert,1.1388011,0.02454363666103356
27,amb_pl_sg,pl,amb,sg,Die Verhandlung über die Schulen ist bekannt.,bert,1.140619,0.028551081901079512
27,amb_pl_pl,pl,amb,pl,Die Verhandlung über die Schulen sind bekannt.,bert,1.1569327,0.0210596387222129
27,unamb_sg_sg,sg,unamb,sg,Die Verhandlung mit der Schule ist bekannt.,bert,1.018041,0.03277122695695287
27,unamb_sg_pl,sg,unamb,pl,Die Verhandlung mit der Schule sind bekannt.,bert,1.004276,0.025909828159855177
27,unamb_pl_sg,pl,unamb,sg,Die Verhandlung mit den Schulen ist bekannt.,bert,1.0201358,0.03522585552178213
27,unamb_pl_pl,pl,unamb,pl,Die Verhandlung mit den Schulen sind bekannt.,bert,1.0199989,0.021814454210011134
28,amb_sg_sg,sg,amb,sg,Die Brücke über das Tal ist bekannt.,bert,1.0057709,0.016424102936952577
28,amb_sg_pl,sg,amb,pl,Die Brücke über das Tal sind bekannt.,bert,1.0375364,0.01646399310531296
28,amb_pl_sg,pl,amb,sg,Die Brücke über die Täler ist bekannt.,bert,0.98398197,-0.003844577346465084
28,amb_pl_pl,pl,amb,pl,Die Brücke über die Täler sind bekannt.,bert,1.0365269,-0.004519768921066709
28,unamb_sg_sg,sg,unamb,sg,Die Brücke bei dem Tal ist bekannt.,bert,1.064893,0.024664227665964246
28,unamb_sg_pl,sg,unamb,pl,Die Brücke bei dem Tal sind bekannt.,bert,1.0702212,0.024902559023510448
28,unamb_pl_sg,pl,unamb,sg,Die Brücke bei den Tälern ist bekannt.,bert,1.0588338,-0.0015162279161633069
28,unamb_pl_pl,pl,unamb,pl,Die Brücke bei den Tälern sind bekannt.,bert,1.0959742,-0.003143464357715564
29,amb_sg_sg,sg,amb,sg,Die Hilfsaktion für das Entwicklungsland ist bekannt.,bert,1.2157395,-0.016825187604097853
29,amb_sg_pl,sg,amb,pl,Die Hilfsaktion für das Entwicklungsland sind bekannt.,bert,1.2256182,-0.004484188749358076
29,amb_pl_sg,pl,amb,sg,Die Hilfsaktion für die Entwicklungsländer ist bekannt.,bert,1.0773646,0.006984295505074206
29,amb_pl_pl,pl,amb,pl,Die Hilfsaktion für die Entwicklungsländer sind bekannt.,bert,1.129477,0.00901109043808248
29,unamb_sg_sg,sg,unamb,sg,Die Hilfsaktion in dem Entwicklungsland ist bekannt.,bert,1.1483098,-0.009856092594353182
29,unamb_sg_pl,sg,unamb,pl,Die Hilfsaktion in dem Entwicklungsland sind bekannt.,bert,1.1335472,-0.0003539146492663181
29,unamb_pl_sg,pl,unamb,sg,Die Hilfsaktion in den Entwicklungsländern ist bekannt.,bert,1.0641391,-0.0028765985843535527
29,unamb_pl_pl,pl,unamb,pl,Die Hilfsaktion in den Entwicklungsländern sind bekannt.,bert,1.0611225,0.0011409613719713663
30,amb_sg_sg,sg,amb,sg,Die Fernsehübertragung in das Nachbarland ist bekannt.,bert,1.0345515,-0.027208956499646268
30,amb_sg_pl,sg,amb,pl,Die Fernsehübertragung in das Nachbarland sind bekannt.,bert,1.0539491,-0.016416142443133705
30,amb_pl_sg,pl,amb,sg,Die Fernsehübertragung in die Nachbarländer ist bekannt.,bert,0.9815124,-0.003992508431121047
30,amb_pl_pl,pl,amb,pl,Die Fernsehübertragung in die Nachbarländer sind bekannt.,bert,1.0205864,-0.0055662456525899795
30,unamb_sg_sg,sg,unamb,sg,Die Fernsehübertragung aus dem Nachbarland ist bekannt.,bert,1.0874718,-0.02413125931674459
30,unamb_sg_pl,sg,unamb,pl,Die Fernsehübertragung aus dem Nachbarland sind bekannt.,bert,1.0921103,-0.012805167389322622
30,unamb_pl_sg,pl,unamb,sg,Die Fernsehübertragung aus den Nachbarländern ist bekannt.,bert,1.0379422,-0.00302910240451449
30,unamb_pl_pl,pl,unamb,pl,Die Fernsehübertragung aus den Nachbarländern sind bekannt.,bert,1.0731658,-0.00536043804134316
31,amb_sg_sg,sg,amb,sg,Die Fahrt durch die Schlucht ist bekannt.,bert,0.9853797,0.01103342858057366
31,amb_sg_pl,sg,amb,pl,Die Fahrt durch die Schlucht sind bekannt.,bert,0.99475205,0.0059320567067077876
31,amb_pl_sg,pl,amb,sg,Die Fahrt durch die Schluchten ist bekannt.,bert,0.98320687,0.012799983748928566
31,amb_pl_pl,pl,amb,pl,Die Fahrt durch die Schluchten sind bekannt.,bert,0.9941257,-0.0016620623122160505
31,unamb_sg_sg,sg,unamb,sg,Die Fahrt zu der Schlucht ist bekannt.,bert,0.98032206,0.013614527345563343
31,unamb_sg_pl,sg,unamb,pl,Die Fahrt zu der Schlucht sind bekannt.,bert,0.9927387,0.007544544675527443
31,unamb_pl_sg,pl,unamb,sg,Die Fahrt zu den Schluchten ist bekannt.,bert,0.96832037,0.021506242998906015
31,unamb_pl_pl,pl,unamb,pl,Die Fahrt zu den Schluchten sind bekannt.,bert,0.99214756,0.004224632439536531
32,amb_sg_sg,sg,amb,sg,Die Diskussion über die Beamtin ist bekannt.,bert,1.1849302,0.04575283618876602
32,amb_sg_pl,sg,amb,pl,Die Diskussion über die Beamtin sind bekannt.,bert,1.1831064,0.06752075364924062
32,amb_pl_sg,pl,amb,sg,Die Diskussion über die Beamtinnen ist bekannt.,bert,1.1779215,0.04568411433537245
32,amb_pl_pl,pl,amb,pl,Die Diskussion über die Beamtinnen sind bekannt.,bert,1.2207191,0.05296294556096457
32,unamb_sg_sg,sg,unamb,sg,Die Diskussion mit der Beamtin ist bekannt.,bert,1.1045085,0.043487942550365435
32,unamb_sg_pl,sg,unamb,pl,Die Diskussion mit der Beamtin sind bekannt.,bert,1.0991446,0.05081224034563388
32,unamb_pl_sg,pl,unamb,sg,Die Diskussion mit den Beamtinnen ist bekannt.,bert,1.1014324,0.045726746322836964
32,unamb_pl_pl,pl,unamb,pl,Die Diskussion mit den Beamtinnen sind bekannt.,bert,1.1384671,0.044051445049989854
33,amb_sg_sg,sg,amb,sg,Die Auseinandersetzung über das Kind ist bekannt.,bert,1.1383274,0.049011143305955976
33,amb_sg_pl,sg,amb,pl,Die Auseinandersetzung über das Kind sind bekannt.,bert,1.1453358,0.04702675365271074
33,amb_pl_sg,pl,amb,sg,Die Auseinandersetzung über die Kinder ist bekannt.,bert,1.150763,0.05256707273678726
33,amb_pl_pl,pl,amb,pl,Die Auseinandersetzung über die Kinder sind bekannt.,bert,1.1605387,0.03535661012836023
33,unamb_sg_sg,sg,unamb,sg,Die Auseinandersetzung mit dem Kind ist bekannt.,bert,1.0359879,0.06389458337211552
33,unamb_sg_pl,sg,unamb,pl,Die Auseinandersetzung mit dem Kind sind bekannt.,bert,1.0216668,0.0488625364699143
33,unamb_pl_sg,pl,unamb,sg,Die Auseinandersetzung mit den Kindern ist bekannt.,bert,1.0527172,0.060430371382451956
33,unamb_pl_pl,pl,unamb,pl,Die Auseinandersetzung mit den Kindern sind bekannt.,bert,1.0528862,0.04403655607587212
34,amb_sg_sg,sg,amb,sg,Die Veröffentlichung über die Zeitschrift ist bekannt.,bert,1.0824978,0.0038608940647695857
34,amb_sg_pl,sg,amb,pl,Die Veröffentlichung über die Zeitschrift sind bekannt.,bert,1.0940945,0.003414961205188534
34,amb_pl_sg,pl,amb,sg,Die Veröffentlichung über die Zeitschriften ist bekannt.,bert,1.0700939,0.007479687405498637
34,amb_pl_pl,pl,amb,pl,Die Veröffentlichung über die Zeitschriften sind bekannt.,bert,1.0901302,0.004288510495648958
34,unamb_sg_sg,sg,unamb,sg,Die Veröffentlichung in der Zeitschrift ist bekannt.,bert,1.0744132,0.012942513854358711
34,unamb_sg_pl,sg,unamb,pl,Die Veröffentlichung in der Zeitschrift sind bekannt.,bert,1.0707095,0.009334599353087399
34,unamb_pl_sg,pl,unamb,sg,Die Veröffentlichung in den Zeitschriften ist bekannt.,bert,1.0726699,0.01544927899454595
34,unamb_pl_pl,pl,unamb,pl,Die Veröffentlichung in den Zeitschriften sind bekannt.,bert,1.0716847,0.013129996840887906
35,amb_sg_sg,sg,amb,sg,Die Berichterstattung über die Bundestagsdebatte ist bekannt.,bert,1.2756664,0.020593739243525214
35,amb_sg_pl,sg,amb,pl,Die Berichterstattung über die Bundestagsdebatte sind bekannt.,bert,1.3172666,0.016384909772023802
35,amb_pl_sg,pl,amb,sg,Die Berichterstattung über die Bundestagsdebatten ist bekannt.,bert,1.2585263,0.020991948218821055
35,amb_pl_pl,pl,amb,pl,Die Berichterstattung über die Bundestagsdebatten sind bekannt.,bert,1.3074635,0.012308075151308676
35,unamb_sg_sg,sg,unamb,sg,Die Berichterstattung von der Bundestagsdebatte ist bekannt.,bert,1.2259849,0.02996652058678896
35,unamb_sg_pl,sg,unamb,pl,Die Berichterstattung von der Bundestagsdebatte sind bekannt.,bert,1.2665924,0.024395941317435048
35,unamb_pl_sg,pl,unamb,sg,Die Berichterstattung von den Bundestagsdebatten ist bekannt.,bert,1.1945233,0.03169389999357021
35,unamb_pl_pl,pl,unamb,pl,Die Berichterstattung von den Bundestagsdebatten sind bekannt.,bert,1.255148,0.021692570446561657
36,amb_sg_sg,sg,amb,sg,Die Postkarte für die Mutter ist bekannt.,bert,1.0803597,0.009937035948366424
36,amb_sg_pl,sg,amb,pl,Die Postkarte für die Mutter sind bekannt.,bert,1.1170251,0.017619859343347602
36,amb_pl_sg,pl,amb,sg,Die Postkarte für die Mütter ist bekannt.,bert,1.0718715,-0.003959592905207539
36,amb_pl_pl,pl,amb,pl,Die Postkarte für die Mütter sind bekannt.,bert,1.1151506,-0.003947231543134595
36,unamb_sg_sg,sg,unamb,sg,Die Postkarte von der Mutter ist bekannt.,bert,1.0327014,0.02247249325856261
36,unamb_sg_pl,sg,unamb,pl,Die Postkarte von der Mutter sind bekannt.,bert,1.0528772,0.03153636431706863
36,unamb_pl_sg,pl,unamb,sg,Die Postkarte von den Müttern ist bekannt.,bert,1.0856584,-0.005701397615120882
36,unamb_pl_pl,pl,unamb,pl,Die Postkarte von den Müttern sind bekannt.,bert,1.1019098,-0.004375677109752785
37,amb_sg_sg,sg,amb,sg,Die Kritik über die Aufführung ist bekannt.,bert,1.1041944,0.00809570878034669
37,amb_sg_pl,sg,amb,pl,Die Kritik über die Aufführung sind bekannt.,bert,1.1523354,0.0037832924734005485
37,amb_pl_sg,pl,amb,sg,Die Kritik über die Aufführungen ist bekannt.,bert,1.1041944,0.00809570878034669
37,amb_pl_pl,pl,amb,pl,Die Kritik über die Aufführungen sind bekannt.,bert,1.1523354,0.0037832924734005485
37,unamb_sg_sg,sg,unamb,sg,Die Kritik an der Aufführung ist bekannt.,bert,1.0945699,0.008931148959555157
37,unamb_sg_pl,sg,unamb,pl,Die Kritik an der Aufführung sind bekannt.,bert,1.0998868,0.014858674660584062
37,unamb_pl_sg,pl,unamb,sg,Die Kritik an den Aufführungen ist bekannt.,bert,1.0889051,0.010093755249355428
37,unamb_pl_pl,pl,unamb,pl,Die Kritik an den Aufführungen sind bekannt.,bert,1.0964525,0.014503130731564971
1,amb_sg_sg,sg,amb,sg,Der Telephonanruf für die Studentin ist bekannt.,gpt2,1.1602783,-0.02614087922120234
1,amb_sg_pl,sg,amb,pl,Der Telephonanruf für die Studentin sind bekannt.,gpt2,1.290501,-0.0013473364204401317
1,amb_pl_sg,pl,amb,sg,Der Telephonanruf für die Studentinnen ist bekannt.,gpt2,1.2272627,0.009778465895215027
1,amb_pl_pl,pl,amb,pl,Der Telephonanruf für die Studentinnen sind bekannt.,gpt2,1.4139429,0.011600060871569423
1,unamb_sg_sg,sg,unamb,sg,Der Telephonanruf bei der Studentin ist bekannt.,gpt2,1.0953101,0.03071938784560191
1,unamb_sg_pl,sg,unamb,pl,Der Telephonanruf bei der Studentin sind bekannt.,gpt2,1.24592,0.04201699240948073
1,unamb_pl_sg,pl,unamb,sg,Der Telephonanruf bei den Studentinnen ist bekannt.,gpt2,1.2273242,0.07098218672908846
1,unamb_pl_pl,pl,unamb,pl,Der Telephonanruf bei den Studentinnen sind bekannt.,gpt2,1.3962351,0.042237478145398216
2,amb_sg_sg,sg,amb,sg,Der Antrag an das Amt ist bekannt.,gpt2,0.63337153,0.09758022094611077
2,amb_sg_pl,sg,amb,pl,Der Antrag an das Amt sind bekannt.,gpt2,0.7509635,0.07590545099810697
2,amb_pl_sg,pl,amb,sg,Der Antrag an die Ämter ist bekannt.,gpt2,0.767788,0.07962519219727257
2,amb_pl_pl,pl,amb,pl,Der Antrag an die Ämter sind bekannt.,gpt2,0.87875545,0.022544505511177704
2,unamb_sg_sg,sg,unamb,sg,Der Antrag bei dem Amt ist bekannt.,gpt2,0.69336736,0.08936871505866292
2,unamb_sg_pl,sg,unamb,pl,Der Antrag bei dem Amt sind bekannt.,gpt2,0.79846764,0.06701927649555728
2,unamb_pl_sg,pl,unamb,sg,Der Antrag bei den Ämtern ist bekannt.,gpt2,0.8136226,0.06972661975305527
2,unamb_pl_pl,pl,unamb,pl,Der Antrag bei den Ämtern sind bekannt.,gpt2,0.98558915,0.04537297016941011
3,amb_sg_sg,sg,amb,sg,Der Hinweis auf das Dokument ist bekannt.,gpt2,0.8165865,-0.014929685246897861
3,amb_sg_pl,sg,amb,pl,Der Hinweis auf das Dokument sind bekannt.,gpt2,0.97632647,-0.04253144114627502
3,amb_pl_sg,pl,amb,sg,Der Hinweis auf die Dokumente ist bekannt.,gpt2,0.77459586,-0.022566189554345334
3,amb_pl_pl,pl,amb,pl,Der Hinweis auf die Dokumente sind bekannt.,gpt2,0.9484062,-0.09128097180800979
3,unamb_sg_sg,sg,unamb,sg,Der Hinweis in dem Dokument ist bekannt.,gpt2,0.8803279,-0.04293706074822695
3,unamb_sg_pl,sg,unamb,pl,Der Hinweis in dem Dokument sind bekannt.,gpt2,1.0458487,-0.08383536558831112
3,unamb_pl_sg,pl,unamb,sg,Der Hinweis in den Dokumenten ist bekannt.,gpt2,0.82757854,-0.0488163086847635
3,unamb_pl_pl,pl,unamb,pl,Der Hinweis in den Dokumenten sind bekannt.,gpt2,0.9520215,-0.10540759241121123
4,amb_sg_sg,sg,amb,sg,Der Computer für die Universität ist bekannt.,gpt2,1.1097829,-0.04461376900289907
4,amb_sg_pl,sg,amb,pl,Der Computer für die Universität sind bekannt.,gpt2,1.2255361,-0.03446890458872076
4,amb_pl_sg,pl,amb,sg,Der Computer für die Universitäten ist bekannt.,gpt2,1.1000866,-0.01615811268566178
4,amb_pl_pl,pl,amb,pl,Der Computer für die Universitäten sind bekannt.,gpt2,1.2647203,-0.008940730436006544
4,unamb_sg_sg,sg,unamb,sg,Der Computer in der Universität ist bekannt.,gpt2,0.9616941,-0.03151204097084703
4,unamb_sg_pl,sg,unamb,pl,Der Computer in der Universität sind bekannt.,gpt2,1.0887735,-0.02133981930091977
4,unamb_pl_sg,pl,unamb,sg,Der Computer in den Universitäten ist bekannt.,gpt2,1.0317374,0.010318824253045006
4,unamb_pl_pl,pl,unamb,pl,Der Computer in den Universitäten sind bekannt.,gpt2,1.210341,-0.004000962805002922
5,amb_sg_sg,sg,amb,sg,Der Hilferuf für die Polizeizentrale ist bekannt.,gpt2,1.1101162,0.025270379753783323
5,amb_sg_pl,sg,amb,pl,Der Hilferuf für die Polizeizentrale sind bekannt.,gpt2,1.2227862,0.07728713836986573
5,amb_pl_sg,pl,amb,sg,Der Hilferuf für die Polizeizentralen ist bekannt.,gpt2,0.92791116,0.007126686349511163
5,amb_pl_pl,pl,amb,pl,Der Hilferuf für die Polizeizentralen sind bekannt.,gpt2,1.0822861,-0.0047256648424081615
5,unamb_sg_sg,sg,unamb,sg,Der Hilferuf in der Polizeizentrale ist bekannt.,gpt2,0.9097346,-0.0317137925652787
5,unamb_sg_pl,sg,unamb,pl,Der Hilferuf in der Polizeizentrale sind bekannt.,gpt2,1.0575902,0.00306357941590249
5,unamb_pl_sg,pl,unamb,sg,Der Hilferuf in den Polizeizentralen ist bekannt.,gpt2,0.90275794,0.022350188205018634
5,unamb_pl_pl,pl,unamb,pl,Der Hilferuf in den Polizeizentralen sind bekannt.,gpt2,1.0570266,-0.0009945884812623262
6,amb_sg_sg,sg,amb,sg,Der Brief an die Mutter ist bekannt.,gpt2,0.73625714,-0.0019107314001303166
6,amb_sg_pl,sg,amb,pl,Der Brief an die Mutter sind bekannt.,gpt2,0.8725933,-0.003810255683492886
6,amb_pl_sg,pl,amb,sg,Der Brief an die Mütter ist bekannt.,gpt2,0.84800816,0.010608129389584053
6,amb_pl_pl,pl,amb,pl,Der Brief an die Mütter sind bekannt.,gpt2,0.9480421,-0.024327153875492502
6,unamb_sg_sg,sg,unamb,sg,Der Brief von der Mutter ist bekannt.,gpt2,0.8370654,-0.011467034916859103
6,unamb_sg_pl,sg,unamb,pl,Der Brief von der Mutter sind bekannt.,gpt2,0.9985727,-0.02835267280461265
6,unamb_pl_sg,pl,unamb,sg,Der Brief von den Müttern ist bekannt.,gpt2,0.9285963,-0.0197285507572815
6,unamb_pl_pl,pl,unamb,pl,Der Brief von den Müttern sind bekannt.,gpt2,1.0807588,-0.042942689359188074
7,amb_sg_sg,sg,amb,sg,Der Einbruch in die Bank ist bekannt.,gpt2,0.7189635,0.046896000867127446
7,amb_sg_pl,sg,amb,pl,Der Einbruch in die Bank sind bekannt.,gpt2,0.91181564,0.02983237137086689
7,amb_pl_sg,pl,amb,sg,Der Einbruch in die Banken ist bekannt.,gpt2,0.7254823,0.04005227315356025
7,amb_pl_pl,pl,amb,pl,Der Einbruch in die Banken sind bekannt.,gpt2,0.8940934,0.011051559925545018
7,unamb_sg_sg,sg,unamb,sg,Der Einbruch bei der Bank ist bekannt.,gpt2,0.7600581,0.06106377649120989
7,unamb_sg_pl,sg,unamb,pl,Der Einbruch bei der Bank sind bekannt.,gpt2,0.94501704,0.04700885639758781
7,unamb_pl_sg,pl,unamb,sg,Der Einbruch bei den Banken ist bekannt.,gpt2,0.79960763,0.05738244433887302
7,unamb_pl_pl,pl,unamb,pl,Der Einbruch bei den Banken sind bekannt.,gpt2,0.9787425,0.029093321505933994
8,amb_sg_sg,sg,amb,sg,Der Ratschlag für die Hausfrau ist bekannt.,gpt2,1.195416,0.011175145185552515
8,amb_sg_pl,sg,amb,pl,Der Ratschlag für die Hausfrau sind bekannt.,gpt2,1.2866496,-0.000838747213128932
8,amb_pl_sg,pl,amb,sg,Der Ratschlag für die Hausfrauen ist bekannt.,gpt2,1.1676209,0.03148950668401085
8,amb_pl_pl,pl,amb,pl,Der Ratschlag für die Hausfrauen sind bekannt.,gpt2,1.3237556,0.03123995690839365
8,unamb_sg_sg,sg,unamb,sg,Der Ratschlag von der Hausfrau ist bekannt.,gpt2,1.0913876,-0.004280486656352861
8,unamb_sg_pl,sg,unamb,pl,Der Ratschlag von der Hausfrau sind bekannt.,gpt2,1.2432168,-0.04221870484761894
8,unamb_pl_sg,pl,unamb,sg,Der Ratschlag von den Hausfrauen ist bekannt.,gpt2,1.1148361,-0.00448136727791279
8,unamb_pl_pl,pl,unamb,pl,Der Ratschlag von den Hausfrauen sind bekannt.,gpt2,1.2789695,-0.04261117356363686
9,amb_sg_sg,sg,amb,sg,Der Angriff auf die Industriestadt ist bekannt.,gpt2,0.9033097,0.026509645095211448
9,amb_sg_pl,sg,amb,pl,Der Angriff auf die Industriestadt sind bekannt.,gpt2,1.0869739,0.043211938231252134
9,amb_pl_sg,pl,amb,sg,Der Angriff auf die Industriestädte ist bekannt.,gpt2,0.89894897,-0.03791659006383272
9,amb_pl_pl,pl,amb,pl,Der Angriff auf die Industriestädte sind bekannt.,gpt2,1.0916536,-0.06797587292967364
9,unamb_sg_sg,sg,unamb,sg,Der Angriff bei der Industriestadt ist bekannt.,gpt2,0.98288983,0.07728609765181318
9,unamb_sg_pl,sg,unamb,pl,Der Angriff bei der Industriestadt sind bekannt.,gpt2,1.1681936,0.07270247471460606
9,unamb_pl_sg,pl,unamb,sg,Der Angriff bei den Industriestädten ist bekannt.,gpt2,0.9860055,0.007805585802998394
9,unamb_pl_pl,pl,unamb,pl,Der Angriff bei den Industriestädten sind bekannt.,gpt2,1.2011873,-0.032770070969127096
10,amb_sg_sg,sg,amb,sg,Der Bericht über das Fussballspiel ist bekannt.,gpt2,0.925752,-0.0319954761551344
10,amb_sg_pl,sg,amb,pl,Der Bericht über das Fussballspiel sind bekannt.,gpt2,1.0248581,-0.023705710071953934
10,amb_pl_sg,pl,amb,sg,Der Bericht über die Fussballspiele ist bekannt.,gpt2,0.88165474,-0.02558123057388001
10,amb_pl_pl,pl,amb,pl,Der Bericht über die Fussballspiele sind bekannt.,gpt2,0.99377763,-0.049687348988663865
10,unamb_sg_sg,sg,unamb,sg,Der Bericht nach dem Fussballspiel ist bekannt.,gpt2,0.92901695,-0.022200925200741045
10,unamb_sg_pl,sg,unamb,pl,Der Bericht nach dem Fussballspiel sind bekannt.,gpt2,1.0922524,-0.04507428446304401
10,unamb_pl_sg,pl,unamb,sg,Der Bericht nach den Fussballspielen ist bekannt.,gpt2,0.90648115,-0.006194047463577601
10,unamb_pl_pl,pl,unamb,pl,Der Bericht nach den Fussballspielen sind bekannt.,gpt2,1.0605581,-0.04842955646417979
11,amb_sg_sg,sg,amb,sg,Der Aufstand gegen das Nachbarland ist bekannt.,gpt2,0.74281526,0.06919441261561587
11,amb_sg_pl,sg,amb,pl,Der Aufstand gegen das Nachbarland sind bekannt.,gpt2,0.8454366,0.055764119621017016
11,amb_pl_sg,pl,amb,sg,Der Aufstand gegen die Nachbarländer ist bekannt.,gpt2,0.76787233,-0.006906456570141023
11,amb_pl_pl,pl,amb,pl,Der Aufstand gegen die Nachbarländer sind bekannt.,gpt2,0.9110156,-0.011906858877046012
11,unamb_sg_sg,sg,unamb,sg,Der Aufstand in dem Nachbarland ist bekannt.,gpt2,0.7632256,0.0626683738955762
11,unamb_sg_pl,sg,unamb,pl,Der Aufstand in dem Nachbarland sind bekannt.,gpt2,0.86469585,0.04571507064392788
11,unamb_pl_sg,pl,unamb,sg,Der Aufstand in den Nachbarländern ist bekannt.,gpt2,0.8335525,0.008313619927503152
11,unamb_pl_pl,pl,unamb,pl,Der Aufstand in den Nachbarländern sind bekannt.,gpt2,1.0098898,-0.009601184353232373
12,amb_sg_sg,sg,amb,sg,Der Aufsatz für das Wochenblatt ist bekannt.,gpt2,0.94922274,0.017383565718773752
12,amb_sg_pl,sg,amb,pl,Der Aufsatz für das Wochenblatt sind bekannt.,gpt2,1.0814776,-0.010717736344668077
12,amb_pl_sg,pl,amb,sg,Der Aufsatz für die Wochenblätter ist bekannt.,gpt2,1.0719656,-0.06852691869489719
12,amb_pl_pl,pl,amb,pl,Der Aufsatz für die Wochenblätter sind bekannt.,gpt2,1.2068195,-0.1508704130582373
12,unamb_sg_sg,sg,unamb,sg,Der Aufsatz in dem Wochenblatt ist bekannt.,gpt2,0.91423434,-0.024154325592098763
12,unamb_sg_pl,sg,unamb,pl,Der Aufsatz in dem Wochenblatt sind bekannt.,gpt2,1.1001575,-0.07856327968183904
12,unamb_pl_sg,pl,unamb,sg,Der Aufsatz in den Wochenblättern ist bekannt.,gpt2,0.9710701,-0.08557497945439538
12,unamb_pl_pl,pl,unamb,pl,Der Aufsatz in den Wochenblättern sind bekannt.,gpt2,1.1231536,-0.1651617553259712
13,amb_sg_sg,sg,amb,sg,Der Bericht über die Ärztin ist bekannt.,gpt2,1.0036225,0.024406451007234875
13,amb_sg_pl,sg,amb,pl,Der Bericht über die Ärztin sind bekannt.,gpt2,1.1256466,0.01032529834483284
13,amb_pl_sg,pl,amb,sg,Der Bericht über die Ärztinnen ist bekannt.,gpt2,0.9134655,-0.0046946497765020245
13,amb_pl_pl,pl,amb,pl,Der Bericht über die Ärztinnen sind bekannt.,gpt2,1.1055167,-0.017574576725019164
13,unamb_sg_sg,sg,unamb,sg,Der Bericht von der Ärztin ist bekannt.,gpt2,1.0012848,0.013563093915581692
13,unamb_sg_pl,sg,unamb,pl,Der Bericht von der Ärztin sind bekannt.,gpt2,1.1263365,-0.018411745381308714
13,unamb_pl_sg,pl,unamb,sg,Der Bericht von den Ärztinnen ist bekannt.,gpt2,0.98150826,0.011839742929441871
13,unamb_pl_pl,pl,unamb,pl,Der Bericht von den Ärztinnen sind bekannt.,gpt2,1.1960002,-0.014002943498780951
14,amb_sg_sg,sg,amb,sg,Der Verweis auf die Akte ist bekannt.,gpt2,0.8102597,-0.06912471218965946
14,amb_sg_pl,sg,amb,pl,Der Verweis auf die Akte sind bekannt.,gpt2,0.9476141,-0.1356607531080954
14,amb_pl_sg,pl,amb,sg,Der Verweis auf die Akten ist bekannt.,gpt2,0.7548095,-0.045061658351914974
14,amb_pl_pl,pl,amb,pl,Der Verweis auf die Akten sind bekannt.,gpt2,0.90561026,-0.12343847638694572
14,unamb_sg_sg,sg,unamb,sg,Der Verweis in der Akte ist bekannt.,gpt2,0.81010276,-0.11452949786907995
14,unamb_sg_pl,sg,unamb,pl,Der Verweis in der Akte sind bekannt.,gpt2,0.9139015,-0.19030198642285542
14,unamb_pl_sg,pl,unamb,sg,Der Verweis in den Akten ist bekannt.,gpt2,0.766088,-0.07296621262794362
14,unamb_pl_pl,pl,unamb,pl,Der Verweis in den Akten sind bekannt.,gpt2,0.8884384,-0.15859582924749704
15,amb_sg_sg,sg,amb,sg,Der Kredit für die Grossbank ist bekannt.,gpt2,1.0676992,-0.008629389549605543
15,amb_sg_pl,sg,amb,pl,Der Kredit für die Grossbank sind bekannt.,gpt2,1.1955864,-0.023763993056491017
15,amb_pl_sg,pl,amb,sg,Der Kredit für die Grossbanken ist bekannt.,gpt2,1.0156871,-0.016646998975193145
15,amb_pl_pl,pl,amb,pl,Der Kredit für die Grossbanken sind bekannt.,gpt2,1.1847196,-0.029259910294786112
15,unamb_sg_sg,sg,unamb,sg,Der Kredit von der Grossbank ist bekannt.,gpt2,1.0181072,-0.006860374612733727
15,unamb_sg_pl,sg,unamb,pl,Der Kredit von der Grossbank sind bekannt.,gpt2,1.1956018,-0.05373095748946072
15,unamb_pl_sg,pl,unamb,sg,Der Kredit von den Grossbanken ist bekannt.,gpt2,1.0066836,-0.02603610083751845
15,unamb_pl_pl,pl,unamb,pl,Der Kredit von den Grossbanken sind bekannt.,gpt2,1.1959441,-0.072406818944728
16,amb_sg_sg,sg,amb,sg,Das Gespräch über das Mädchen ist bekannt.,gpt2,1.0510504,-0.010473978779918985
16,amb_sg_pl,sg,amb,pl,Das Gespräch über das Mädchen sind bekannt.,gpt2,1.2122314,-0.03021412897214759
16,amb_pl_sg,pl,amb,sg,Das Gespräch über die Mädchen ist bekannt.,gpt2,1.0422416,-0.007909364700026345
16,amb_pl_pl,pl,amb,pl,Das Gespräch über die Mädchen sind bekannt.,gpt2,1.2154276,-0.030599718602024956
16,unamb_sg_sg,sg,unamb,sg,Das Gespräch mit dem Mädchen ist bekannt.,gpt2,0.9684151,-0.03712060335092246
16,unamb_sg_pl,sg,unamb,pl,Das Gespräch mit dem Mädchen sind bekannt.,gpt2,1.1485524,-0.0609071539249271
16,unamb_pl_sg,pl,unamb,sg,Das Gespräch mit den Mädchen ist bekannt.,gpt2,0.95545626,-0.026955970993731176
16,unamb_pl_pl,pl,unamb,pl,Das Gespräch mit den Mädchen sind bekannt.,gpt2,1.1516514,-0.05977754348423331
17,amb_sg_sg,sg,amb,sg,Das Buch über die Bibliothek ist bekannt.,gpt2,0.9951812,-0.01218211397354027
17,amb_sg_pl,sg,amb,pl,Das Buch über die Bibliothek sind bekannt.,gpt2,1.15816,-0.03755516460805666
17,amb_pl_sg,pl,amb,sg,Das Buch über die Bibliotheken ist bekannt.,gpt2,0.97474223,-0.016002217220375314
17,amb_pl_pl,pl,amb,pl,Das Buch über die Bibliotheken sind bekannt.,gpt2,1.1704882,-0.06371619096025827
17,unamb_sg_sg,sg,unamb,sg,Das Buch in der Bibliothek ist bekannt.,gpt2,0.8796668,-0.016813053213991236
17,unamb_sg_pl,sg,unamb,pl,Das Buch in der Bibliothek sind bekannt.,gpt2,1.0623882,-0.08691931955981999
17,unamb_pl_sg,pl,unamb,sg,Das Buch in den Bibliotheken ist bekannt.,gpt2,0.8873497,-0.03195695758331568
17,unamb_pl_pl,pl,unamb,pl,Das Buch in den Bibliotheken sind bekannt.,gpt2,1.0544124,-0.1485166579252109
18,amb_sg_sg,sg,amb,sg,Das Bild für die Frau ist bekannt.,gpt2,0.9821025,-0.05729126206133517
18,amb_sg_pl,sg,amb,pl,Das Bild für die Frau sind bekannt.,gpt2,1.1581415,-0.04859660694492049
18,amb_pl_sg,pl,amb,sg,Das Bild für die Frauen ist bekannt.,gpt2,0.9694832,-0.02041499131300953
18,amb_pl_pl,pl,amb,pl,Das Bild für die Frauen sind bekannt.,gpt2,1.126379,-0.041123393969610345
18,unamb_sg_sg,sg,unamb,sg,Das Bild mit der Frau ist bekannt.,gpt2,0.8383088,-0.007583851902745659
18,unamb_sg_pl,sg,unamb,pl,Das Bild mit der Frau sind bekannt.,gpt2,1.0645121,0.0011809723917394765
18,unamb_pl_sg,pl,unamb,sg,Das Bild mit den Frauen ist bekannt.,gpt2,0.7910846,0.020795432745944697
18,unamb_pl_pl,pl,unamb,pl,Das Bild mit den Frauen sind bekannt.,gpt2,0.9908227,-0.009614494082052255
19,amb_sg_sg,sg,amb,sg,Das Telegramm für die Sängerin ist bekannt.,gpt2,1.1583831,-0.013034418158349576
19,amb_sg_pl,sg,amb,pl,Das Telegramm für die Sängerin sind bekannt.,gpt2,1.2475088,-0.023896315507590776
19,amb_pl_sg,pl,amb,sg,Das Telegramm für die Sängerinnen ist bekannt.,gpt2,1.0790249,-0.013605593483953266
19,amb_pl_pl,pl,amb,pl,Das Telegramm für die Sängerinnen sind bekannt.,gpt2,1.2393672,-0.0342749403673224
19,unamb_sg_sg,sg,unamb,sg,Das Telegramm von der Sängerin ist bekannt.,gpt2,1.0579939,0.002855708205606766
19,unamb_sg_pl,sg,unamb,pl,Das Telegramm von der Sängerin sind bekannt.,gpt2,1.1978128,0.0012463483493775351
19,unamb_pl_sg,pl,unamb,sg,Das Telegramm von den Sängerinnen ist bekannt.,gpt2,1.0112896,-0.01124826883897187
19,unamb_pl_pl,pl,unamb,pl,Das Telegramm von den Sängerinnen sind bekannt.,gpt2,1.2197211,-0.02947240967769174
20,amb_sg_sg,sg,amb,sg,Das Gerücht über die Kleinstadt ist bekannt.,gpt2,0.9888115,-0.00609015839872884
20,amb_sg_pl,sg,amb,pl,Das Gerücht über die Kleinstadt sind bekannt.,gpt2,1.1121342,-0.014480391831602907
20,amb_pl_sg,pl,amb,sg,Das Gerücht über die Kleinstädte ist bekannt.,gpt2,1.0987036,-0.010759691514977021
20,amb_pl_pl,pl,amb,pl,Das Gerücht über die Kleinstädte sind bekannt.,gpt2,1.2059069,-0.04827614492241991
20,unamb_sg_sg,sg,unamb,sg,Das Gerücht in der Kleinstadt ist bekannt.,gpt2,0.9954276,0.02469849210756364
20,unamb_sg_pl,sg,unamb,pl,Das Gerücht in der Kleinstadt sind bekannt.,gpt2,1.1093309,0.01587338790704962
20,unamb_pl_sg,pl,unamb,sg,Das Gerücht in den Kleinstädten ist bekannt.,gpt2,1.0478402,0.010167781775817286
20,unamb_pl_pl,pl,unamb,pl,Das Gerücht in den Kleinstädten sind bekannt.,gpt2,1.1663916,-0.022893358138389885
21,amb_sg_sg,sg,amb,sg,Das Geschenk für die Tante ist bekannt.,gpt2,1.0317549,-0.09400932049611582
21,amb_sg_pl,sg,amb,pl,Das Geschenk für die Tante sind bekannt.,gpt2,1.154681,-0.13919704256695695
21,amb_pl_sg,pl,amb,sg,Das Geschenk für die Tanten ist bekannt.,gpt2,1.1387099,-0.03850392290623861
21,amb_pl_pl,pl,amb,pl,Das Geschenk für die Tanten sind bekannt.,gpt2,1.2706525,-0.13622488887631334
21,unamb_sg_sg,sg,unamb,sg,Das Geschenk von der Tante ist bekannt.,gpt2,0.9500122,-0.06876907894620674
21,unamb_sg_pl,sg,unamb,pl,Das Geschenk von der Tante sind bekannt.,gpt2,1.0996559,-0.12616660364437848
21,unamb_pl_sg,pl,unamb,sg,Das Geschenk von den Tanten ist bekannt.,gpt2,1.1043451,-0.025393732503289357
21,unamb_pl_pl,pl,unamb,pl,Das Geschenk von den Tanten sind bekannt.,gpt2,1.2559532,-0.145231110297027
22,amb_sg_sg,sg,amb,sg,Die Beratung über die Fabrik ist bekannt.,gpt2,0.93585837,0.04948618290945886
22,amb_sg_pl,sg,amb,pl,Die Beratung über die Fabrik sind bekannt.,gpt2,1.0452043,0.02112660603015684
22,amb_pl_sg,pl,amb,sg,Die Beratung über die Fabriken ist bekannt.,gpt2,0.8533966,0.024528453464154165
22,amb_pl_pl,pl,amb,pl,Die Beratung über die Fabriken sind bekannt.,gpt2,1.0071335,-0.026739305094815785
22,unamb_sg_sg,sg,unamb,sg,Die Beratung in der Fabrik ist bekannt.,gpt2,0.8079606,0.04610410004388543
22,unamb_sg_pl,sg,unamb,pl,Die Beratung in der Fabrik sind bekannt.,gpt2,0.9392316,0.004183644056320185
22,unamb_pl_sg,pl,unamb,sg,Die Beratung in den Fabriken ist bekannt.,gpt2,0.76650095,0.016738188499584777
22,unamb_pl_pl,pl,unamb,pl,Die Beratung in den Fabriken sind bekannt.,gpt2,0.9116664,-0.06158873829990624
23,amb_sg_sg,sg,amb,sg,Die Überweisung auf das Konto ist bekannt.,gpt2,0.77156144,0.009278712607920153
23,amb_sg_pl,sg,amb,pl,Die Überweisung auf das Konto sind bekannt.,gpt2,0.98162615,-0.01805821353336795
23,amb_pl_sg,pl,amb,sg,Die Überweisung auf die Konten ist bekannt.,gpt2,0.80501395,0.05393160760286261
23,amb_pl_pl,pl,amb,pl,Die Überweisung auf die Konten sind bekannt.,gpt2,0.97499686,0.008832674066070467
23,unamb_sg_sg,sg,unamb,sg,Die Überweisung von dem Konto ist bekannt.,gpt2,0.8638929,0.01761056944960729
23,unamb_sg_pl,sg,unamb,pl,Die Überweisung von dem Konto sind bekannt.,gpt2,1.0665451,0.0026717955886852163
23,unamb_pl_sg,pl,unamb,sg,Die Überweisung von den Konten ist bekannt.,gpt2,0.90763074,0.05312922840530521
23,unamb_pl_pl,pl,unamb,pl,Die Überweisung von den Konten sind bekannt.,gpt2,1.0926995,0.015335710486397147
24,amb_sg_sg,sg,amb,sg,Die Übersetzung in die Fremdsprache ist bekannt.,gpt2,0.83057296,0.014122790447436279
24,amb_sg_pl,sg,amb,pl,Die Übersetzung in die Fremdsprache sind bekannt.,gpt2,1.0207682,-0.022553907148540026
24,amb_pl_sg,pl,amb,sg,Die Übersetzung in die Fremdsprachen ist bekannt.,gpt2,0.8250799,0.0006632149015786126
24,amb_pl_pl,pl,amb,pl,Die Übersetzung in die Fremdsprachen sind bekannt.,gpt2,0.9690236,-0.04433477300044614
24,unamb_sg_sg,sg,unamb,sg,Die Übersetzung aus der Fremdsprache ist bekannt.,gpt2,0.87868005,0.013857537158764893
24,unamb_sg_pl,sg,unamb,pl,Die Übersetzung aus der Fremdsprache sind bekannt.,gpt2,1.0403359,-0.02564371211919933
24,unamb_pl_sg,pl,unamb,sg,Die Übersetzung aus den Fremdsprachen ist bekannt.,gpt2,0.86319953,0.0021421742101665475
24,unamb_pl_pl,pl,unamb,pl,Die Übersetzung aus den Fremdsprachen sind bekannt.,gpt2,1.0117593,-0.05823200181475838
25,amb_sg_sg,sg,amb,sg,Die Stellungnahme gegen die Demonstration ist bekannt.,gpt2,0.8173436,0.05513208505290096
25,amb_sg_pl,sg,amb,pl,Die Stellungnahme gegen die Demonstration sind bekannt.,gpt2,0.9672971,0.022932645084802056
25,amb_pl_sg,pl,amb,sg,Die Stellungnahme gegen die Demonstrationen ist bekannt.,gpt2,0.819705,0.04800019156245977
25,amb_pl_pl,pl,amb,pl,Die Stellungnahme gegen die Demonstrationen sind bekannt.,gpt2,0.9565606,0.011712014177464869
25,unamb_sg_sg,sg,unamb,sg,Die Stellungnahme zu der Demonstration ist bekannt.,gpt2,0.84961444,0.026581974339205755
25,unamb_sg_pl,sg,unamb,pl,Die Stellungnahme zu der Demonstration sind bekannt.,gpt2,0.97924024,0.002755699114641158
25,unamb_pl_sg,pl,unamb,sg,Die Stellungnahme zu den Demonstrationen ist bekannt.,gpt2,0.8103204,0.015074326656758785
25,unamb_pl_pl,pl,unamb,pl,Die Stellungnahme zu den Demonstrationen sind bekannt.,gpt2,0.9417963,-0.021808827575296147
26,amb_sg_sg,sg,amb,sg,Die Unterhaltung über die Künstlerin ist bekannt.,gpt2,1.0396819,-0.001265869999770075
26,amb_sg_pl,sg,amb,pl,Die Unterhaltung über die Künstlerin sind bekannt.,gpt2,1.215578,-0.007363055925816292
26,amb_pl_sg,pl,amb,sg,Die Unterhaltung über die Künstlerinnen ist bekannt.,gpt2,0.9411853,-0.004064427048433572
26,amb_pl_pl,pl,amb,pl,Die Unterhaltung über die Künstlerinnen sind bekannt.,gpt2,1.1625582,-0.03244492720114067
26,unamb_sg_sg,sg,unamb,sg,Die Unterhaltung mit der Künstlerin ist bekannt.,gpt2,0.9553343,-0.011168032209388917
26,unamb_sg_pl,sg,unamb,pl,Die Unterhaltung mit der Künstlerin sind bekannt.,gpt2,1.1143541,-0.010785855143330997
26,unamb_pl_sg,pl,unamb,sg,Die Unterhaltung mit den Künstlerinnen ist bekannt.,gpt2,0.9058115,-0.024647095613181597
26,unamb_pl_pl,pl,unamb,pl,Die Unterhaltung mit den Künstlerinnen sind bekannt.,gpt2,1.1190839,-0.040732678142376244
27,amb_sg_sg,sg,amb,sg,Die Verhandlung über die Schule ist bekannt.,gpt2,0.8901521,0.05199935987766366
27,amb_sg_pl,sg,amb,pl,Die Verhandlung über die Schule sind bekannt.,gpt2,1.0451396,0.044799127633450536
27,amb_pl_sg,pl,amb,sg,Die Verhandlung über die Schulen ist bekannt.,gpt2,0.84299767,0.05013355134578887
27,amb_pl_pl,pl,amb,pl,Die Verhandlung über die Schulen sind bekannt.,gpt2,0.9963269,0.03950167566945312
27,unamb_sg_sg,sg,unamb,sg,Die Verhandlung mit der Schule ist bekannt.,gpt2,0.79941005,0.04551094303606079
27,unamb_sg_pl,sg,unamb,pl,Die Verhandlung mit der Schule sind bekannt.,gpt2,0.9270409,0.03852990851737559
27,unamb_pl_sg,pl,unamb,sg,Die Verhandlung mit den Schulen ist bekannt.,gpt2,0.77525616,0.038713583431672305
27,unamb_pl_pl,pl,unamb,pl,Die Verhandlung mit den Schulen sind bekannt.,gpt2,0.9059345,0.01843344541266559
28,amb_sg_sg,sg,amb,sg,Die Brücke über das Tal ist bekannt.,gpt2,1.1154616,0.022267454210668808
28,amb_sg_pl,sg,amb,pl,Die Brücke über das Tal sind bekannt.,gpt2,0.990095,0.08254218361689708
28,amb_pl_sg,pl,amb,sg,Die Brücke über die Täler ist bekannt.,gpt2,1.2124548,0.01823311485350132
28,amb_pl_pl,pl,amb,pl,Die Brücke über die Täler sind bekannt.,gpt2,1.1672227,0.050194994499906914
28,unamb_sg_sg,sg,unamb,sg,Die Brücke bei dem Tal ist bekannt.,gpt2,1.0957788,-0.03008257894543931
28,unamb_sg_pl,sg,unamb,pl,Die Brücke bei dem Tal sind bekannt.,gpt2,0.9838977,0.06159854823490604
28,unamb_pl_sg,pl,unamb,sg,Die Brücke bei den Tälern ist bekannt.,gpt2,1.1702147,0.028673085337504733
28,unamb_pl_pl,pl,unamb,pl,Die Brücke bei den Tälern sind bekannt.,gpt2,1.1648687,0.07045406040269883
29,amb_sg_sg,sg,amb,sg,Die Hilfsaktion für das Entwicklungsland ist bekannt.,gpt2,1.07934,0.07261081074830145
29,amb_sg_pl,sg,amb,pl,Die Hilfsaktion für das Entwicklungsland sind bekannt.,gpt2,1.2020847,0.06527478240896015
29,amb_pl_sg,pl,amb,sg,Die Hilfsaktion für die Entwicklungsländer ist bekannt.,gpt2,0.9362031,0.010354741488117714
29,amb_pl_pl,pl,amb,pl,Die Hilfsaktion für die Entwicklungsländer sind bekannt.,gpt2,1.0807046,-0.018038627144414926
29,unamb_sg_sg,sg,unamb,sg,Die Hilfsaktion in dem Entwicklungsland ist bekannt.,gpt2,0.96690416,0.0569553078152239
29,unamb_sg_pl,sg,unamb,pl,Die Hilfsaktion in dem Entwicklungsland sind bekannt.,gpt2,1.0666114,0.042362866317853326
29,unamb_pl_sg,pl,unamb,sg,Die Hilfsaktion in den Entwicklungsländern ist bekannt.,gpt2,0.8790107,0.02441809356678276
29,unamb_pl_pl,pl,unamb,pl,Die Hilfsaktion in den Entwicklungsländern sind bekannt.,gpt2,1.0685513,-0.009402103745378532
30,amb_sg_sg,sg,amb,sg,Die Fernsehübertragung in das Nachbarland ist bekannt.,gpt2,0.9325532,0.0867405131692067
30,amb_sg_pl,sg,amb,pl,Die Fernsehübertragung in das Nachbarland sind bekannt.,gpt2,1.1419237,0.045273714372888185
30,amb_pl_sg,pl,amb,sg,Die Fernsehübertragung in die Nachbarländer ist bekannt.,gpt2,0.94520026,0.03857290291343818
30,amb_pl_pl,pl,amb,pl,Die Fernsehübertragung in die Nachbarländer sind bekannt.,gpt2,1.1657041,-0.02104469628538938
30,unamb_sg_sg,sg,unamb,sg,Die Fernsehübertragung aus dem Nachbarland ist bekannt.,gpt2,0.9187477,0.11134945693775078
30,unamb_sg_pl,sg,unamb,pl,Die Fernsehübertragung aus dem Nachbarland sind bekannt.,gpt2,1.1256377,0.060421669296920305
30,unamb_pl_sg,pl,unamb,sg,Die Fernsehübertragung aus den Nachbarländern ist bekannt.,gpt2,0.947719,0.07435000002151354
30,unamb_pl_pl,pl,unamb,pl,Die Fernsehübertragung aus den Nachbarländern sind bekannt.,gpt2,1.1785612,0.026346090203151096
31,amb_sg_sg,sg,amb,sg,Die Fahrt durch die Schlucht ist bekannt.,gpt2,0.8123258,0.025855574244633334
31,amb_sg_pl,sg,amb,pl,Die Fahrt durch die Schlucht sind bekannt.,gpt2,0.9310457,-0.011680930550210161
31,amb_pl_sg,pl,amb,sg,Die Fahrt durch die Schluchten ist bekannt.,gpt2,0.7929621,-0.001207587626413431
31,amb_pl_pl,pl,amb,pl,Die Fahrt durch die Schluchten sind bekannt.,gpt2,0.93232405,-0.07716554364887998
31,unamb_sg_sg,sg,unamb,sg,Die Fahrt zu der Schlucht ist bekannt.,gpt2,0.7949437,0.009229931433219457
31,unamb_sg_pl,sg,unamb,pl,Die Fahrt zu der Schlucht sind bekannt.,gpt2,0.8920536,-0.009683664853218948
31,unamb_pl_sg,pl,unamb,sg,Die Fahrt zu den Schluchten ist bekannt.,gpt2,0.72235405,-0.026386780114262348
31,unamb_pl_pl,pl,unamb,pl,Die Fahrt zu den Schluchten sind bekannt.,gpt2,0.87081015,-0.07849524053162896
32,amb_sg_sg,sg,amb,sg,Die Diskussion über die Beamtin ist bekannt.,gpt2,1.0947634,0.05648328152601606
32,amb_sg_pl,sg,amb,pl,Die Diskussion über die Beamtin sind bekannt.,gpt2,1.2037821,0.047089918202254916
32,amb_pl_sg,pl,amb,sg,Die Diskussion über die Beamtinnen ist bekannt.,gpt2,0.95867574,0.02065396379912271
32,amb_pl_pl,pl,amb,pl,Die Diskussion über die Beamtinnen sind bekannt.,gpt2,1.1319318,0.011490116309141735
32,unamb_sg_sg,sg,unamb,sg,Die Diskussion mit der Beamtin ist bekannt.,gpt2,0.9844834,0.002592407248448586
32,unamb_sg_pl,sg,unamb,pl,Die Diskussion mit der Beamtin sind bekannt.,gpt2,1.0843825,-0.010303411947097635
32,unamb_pl_sg,pl,unamb,sg,Die Diskussion mit den Beamtinnen ist bekannt.,gpt2,0.8648698,-0.0123161729890853
32,unamb_pl_pl,pl,unamb,pl,Die Diskussion mit den Beamtinnen sind bekannt.,gpt2,1.0214466,-0.027817159658297896
33,amb_sg_sg,sg,amb,sg,Die Auseinandersetzung über das Kind ist bekannt.,gpt2,0.88371766,0.014116333796118846
33,amb_sg_pl,sg,amb,pl,Die Auseinandersetzung über das Kind sind bekannt.,gpt2,0.9809554,-0.003490603152022237
33,amb_pl_sg,pl,amb,sg,Die Auseinandersetzung über die Kinder ist bekannt.,gpt2,0.83138454,0.0287327124919102
33,amb_pl_pl,pl,amb,pl,Die Auseinandersetzung über die Kinder sind bekannt.,gpt2,0.95163393,-0.0016531953486264572
33,unamb_sg_sg,sg,unamb,sg,Die Auseinandersetzung mit dem Kind ist bekannt.,gpt2,0.776051,-0.027293860033387296
33,unamb_sg_pl,sg,unamb,pl,Die Auseinandersetzung mit dem Kind sind bekannt.,gpt2,0.88092643,-0.05886225836584344
33,unamb_pl_sg,pl,unamb,sg,Die Auseinandersetzung mit den Kindern ist bekannt.,gpt2,0.7195271,-0.01046005344833248
33,unamb_pl_pl,pl,unamb,pl,Die Auseinandersetzung mit den Kindern sind bekannt.,gpt2,0.8452737,-0.03811331188771874
34,amb_sg_sg,sg,amb,sg,Die Veröffentlichung über die Zeitschrift ist bekannt.,gpt2,0.9796376,0.09201608060684521
34,amb_sg_pl,sg,amb,pl,Die Veröffentlichung über die Zeitschrift sind bekannt.,gpt2,1.18062,0.06594726843759419
34,amb_pl_sg,pl,amb,sg,Die Veröffentlichung über die Zeitschriften ist bekannt.,gpt2,0.9429172,0.11236738486331885
34,amb_pl_pl,pl,amb,pl,Die Veröffentlichung über die Zeitschriften sind bekannt.,gpt2,1.1874648,0.08727367699320893
34,unamb_sg_sg,sg,unamb,sg,Die Veröffentlichung in der Zeitschrift ist bekannt.,gpt2,0.8771881,0.08434232817962764
34,unamb_sg_pl,sg,unamb,pl,Die Veröffentlichung in der Zeitschrift sind bekannt.,gpt2,1.0804412,0.06333867480861952
34,unamb_pl_sg,pl,unamb,sg,Die Veröffentlichung in den Zeitschriften ist bekannt.,gpt2,0.85320395,0.11105761022772642
34,unamb_pl_pl,pl,unamb,pl,Die Veröffentlichung in den Zeitschriften sind bekannt.,gpt2,1.1082075,0.08360439242096618
35,amb_sg_sg,sg,amb,sg,Die Berichterstattung über die Bundestagsdebatte ist bekannt.,gpt2,0.84445417,-0.014576551865320642
35,amb_sg_pl,sg,amb,pl,Die Berichterstattung über die Bundestagsdebatte sind bekannt.,gpt2,0.95454246,-0.01804716881597415
35,amb_pl_sg,pl,amb,sg,Die Berichterstattung über die Bundestagsdebatten ist bekannt.,gpt2,0.86870956,0.027977613505208887
35,amb_pl_pl,pl,amb,pl,Die Berichterstattung über die Bundestagsdebatten sind bekannt.,gpt2,1.0389715,0.016658624314004555
35,unamb_sg_sg,sg,unamb,sg,Die Berichterstattung von der Bundestagsdebatte ist bekannt.,gpt2,0.8550116,-0.010095725415158102
35,unamb_sg_pl,sg,unamb,pl,Die Berichterstattung von der Bundestagsdebatte sind bekannt.,gpt2,0.9767311,-0.022470742784207687
35,unamb_pl_sg,pl,unamb,sg,Die Berichterstattung von den Bundestagsdebatten ist bekannt.,gpt2,0.923042,0.024435080855619157
35,unamb_pl_pl,pl,unamb,pl,Die Berichterstattung von den Bundestagsdebatten sind bekannt.,gpt2,1.0742419,-0.0034686486003920602
36,amb_sg_sg,sg,amb,sg,Die Postkarte für die Mutter ist bekannt.,gpt2,1.0126084,0.03924526450427948
36,amb_sg_pl,sg,amb,pl,Die Postkarte für die Mutter sind bekannt.,gpt2,1.161355,0.021087726551922953
36,amb_pl_sg,pl,amb,sg,Die Postkarte für die Mütter ist bekannt.,gpt2,1.0691066,0.033549336947908154
36,amb_pl_pl,pl,amb,pl,Die Postkarte für die Mütter sind bekannt.,gpt2,1.2164395,-0.02052994472032879
36,unamb_sg_sg,sg,unamb,sg,Die Postkarte von der Mutter ist bekannt.,gpt2,0.9428674,0.056735605059657246
36,unamb_sg_pl,sg,unamb,pl,Die Postkarte von der Mutter sind bekannt.,gpt2,1.1454452,0.03393344299111051
36,unamb_pl_sg,pl,unamb,sg,Die Postkarte von den Müttern ist bekannt.,gpt2,0.9886977,0.03276615284848958
36,unamb_pl_pl,pl,unamb,pl,Die Postkarte von den Müttern sind bekannt.,gpt2,1.1882449,0.0012108383001759593
37,amb_sg_sg,sg,amb,sg,Die Kritik über die Aufführung ist bekannt.,gpt2,1.023264,0.01959550643805416
37,amb_sg_pl,sg,amb,pl,Die Kritik über die Aufführung sind bekannt.,gpt2,1.0802245,0.02414330285973848
37,amb_pl_sg,pl,amb,sg,Die Kritik über die Aufführungen ist bekannt.,gpt2,0.94293785,-0.002900438202777883
37,amb_pl_pl,pl,amb,pl,Die Kritik über die Aufführungen sind bekannt.,gpt2,1.0710032,-0.01447623361018488
37,unamb_sg_sg,sg,unamb,sg,Die Kritik an der Aufführung ist bekannt.,gpt2,0.84564334,0.008108578575775044
37,unamb_sg_pl,sg,unamb,pl,Die Kritik an der Aufführung sind bekannt.,gpt2,0.9166212,0.01667910604737699
37,unamb_pl_sg,pl,unamb,sg,Die Kritik an den Aufführungen ist bekannt.,gpt2,0.81085014,0.0044663031469099335
37,unamb_pl_pl,pl,unamb,pl,Die Kritik an den Aufführungen sind bekannt.,gpt2,0.93722546,-0.0010660568135790471
