model,layer,head,correct,total,accuracy
gpt2,0,0,351160,1679483,0.20908814668655396
gpt2,0,1,1983,1679483,0.001180720515549183
gpt2,0,2,328800,1679483,0.19577454030513763
gpt2,0,3,4324,1679483,0.002574601909145713
gpt2,0,4,90344,1679483,0.053792744874954224
gpt2,0,5,1990,1679483,0.0011848884169012308
gpt2,0,6,397430,1679483,0.23663829267024994
gpt2,0,7,422034,1679483,0.2512880563735962
gpt2,0,8,312110,1679483,0.18583695590496063
gpt2,0,9,333991,1679483,0.1988653689622879
gpt2,0,10,166279,1679483,0.09900606423616409
gpt2,0,11,300073,1679483,0.17866986989974976
gpt2,1,0,413489,1679483,0.24620017409324646
gpt2,1,1,348264,1679483,0.2073638141155243
gpt2,1,2,304735,1679483,0.18144571781158447
gpt2,1,3,306711,1679483,0.1826222687959671
gpt2,1,4,308162,1679483,0.1834862232208252
gpt2,1,5,288514,1679483,0.17178739607334137
gpt2,1,6,334384,1679483,0.1990993618965149
gpt2,1,7,331100,1679483,0.19714400172233582
gpt2,1,8,306750,1679483,0.1826454997062683
gpt2,1,9,306764,1679483,0.18265382945537567
gpt2,1,10,133161,1679483,0.07928690314292908
gpt2,1,11,27355,1679483,0.016287749633193016
gpt2,2,0,327004,1679483,0.19470515847206116
gpt2,2,1,307892,1679483,0.18332546949386597
gpt2,2,2,505270,1679483,0.3008485436439514
gpt2,2,3,466686,1679483,0.27787479758262634
gpt2,2,4,293489,1679483,0.17474961280822754
gpt2,2,5,383336,1679483,0.22824643552303314
gpt2,2,6,298255,1679483,0.1775873899459839
gpt2,2,7,264603,1679483,0.15755027532577515
gpt2,2,8,234028,1679483,0.13934525847434998
gpt2,2,9,739777,1679483,0.44047901034355164
gpt2,2,10,282640,1679483,0.1682898849248886
gpt2,2,11,306766,1679483,0.18265502154827118
gpt2,3,0,306746,1679483,0.1826431155204773
gpt2,3,1,326896,1679483,0.1946408450603485
gpt2,3,2,487597,1679483,0.2903256416320801
gpt2,3,3,299026,1679483,0.17804646492004395
gpt2,3,4,306771,1679483,0.18265800178050995
gpt2,3,5,311631,1679483,0.1855517476797104
gpt2,3,6,804603,1679483,0.4790777862071991
gpt2,3,7,598974,1679483,0.35664188861846924
gpt2,3,8,308362,1679483,0.18360531330108643
gpt2,3,9,263491,1679483,0.15688815712928772
gpt2,3,10,306762,1679483,0.18265263736248016
gpt2,3,11,274568,1679483,0.1634836494922638
gpt2,4,0,291125,1679483,0.1733420342206955
gpt2,4,1,336611,1679483,0.20042537152767181
gpt2,4,2,306806,1679483,0.18267883360385895
gpt2,4,3,833603,1679483,0.49634501338005066
gpt2,4,4,307460,1679483,0.18306824564933777
gpt2,4,5,307152,1679483,0.18288485705852509
gpt2,4,6,306257,1679483,0.1823519468307495
gpt2,4,7,132114,1679483,0.07866349071264267
gpt2,4,8,306715,1679483,0.18262465298175812
gpt2,4,9,304579,1679483,0.18135283887386322
gpt2,4,10,306756,1679483,0.18264906108379364
gpt2,4,11,501487,1679483,0.298596054315567
gpt2,5,0,306650,1679483,0.1825859546661377
gpt2,5,1,306746,1679483,0.1826431155204773
gpt2,5,2,330146,1679483,0.19657596945762634
gpt2,5,3,349843,1679483,0.20830398797988892
gpt2,5,4,310113,1679483,0.18464788794517517
gpt2,5,5,306763,1679483,0.18265323340892792
gpt2,5,6,299096,1679483,0.17808814346790314
gpt2,5,7,310542,1679483,0.1849033236503601
gpt2,5,8,307484,1679483,0.18308253586292267
gpt2,5,9,306766,1679483,0.18265502154827118
gpt2,5,10,387445,1679483,0.2306930124759674
gpt2,5,11,306377,1679483,0.182423397898674
gpt2,6,0,607784,1679483,0.36188754439353943
gpt2,6,1,309572,1679483,0.18432576954364777
gpt2,6,2,306766,1679483,0.18265502154827118
gpt2,6,3,307158,1679483,0.18288841843605042
gpt2,6,4,315150,1679483,0.1876470297574997
gpt2,6,5,306464,1679483,0.18247520923614502
gpt2,6,6,306753,1679483,0.18264727294445038
gpt2,6,7,322288,1679483,0.19189715385437012
gpt2,6,8,313574,1679483,0.18670864403247833
gpt2,6,9,306726,1679483,0.1826312094926834
gpt2,6,10,306754,1679483,0.18264786899089813
gpt2,6,11,301207,1679483,0.17934507131576538
gpt2,7,0,283910,1679483,0.1690460741519928
gpt2,7,1,306786,1679483,0.18266692757606506
gpt2,7,2,306745,1679483,0.18264251947402954
gpt2,7,3,313637,1679483,0.18674616515636444
gpt2,7,4,307889,1679483,0.1833236813545227
gpt2,7,5,313264,1679483,0.18652406334877014
gpt2,7,6,306766,1679483,0.18265502154827118
gpt2,7,7,306883,1679483,0.18272468447685242
gpt2,7,8,392664,1679483,0.2338005155324936
gpt2,7,9,319361,1679483,0.19015434384346008
gpt2,7,10,307008,1679483,0.18279911577701569
gpt2,7,11,306679,1679483,0.18260322511196136
gpt2,8,0,306738,1679483,0.18263834714889526
gpt2,8,1,307071,1679483,0.1828366219997406
gpt2,8,2,305148,1679483,0.18169163167476654
gpt2,8,3,306472,1679483,0.18247996270656586
gpt2,8,4,311686,1679483,0.18558448553085327
gpt2,8,5,367159,1679483,0.21861429512500763
gpt2,8,6,307963,1679483,0.1833677440881729
gpt2,8,7,302696,1679483,0.18023166060447693
gpt2,8,8,323184,1679483,0.19243064522743225
gpt2,8,9,307763,1679483,0.18324865400791168
gpt2,8,10,306834,1679483,0.18269550800323486
gpt2,8,11,306903,1679483,0.1827365905046463
gpt2,9,0,335946,1679483,0.2000294178724289
gpt2,9,1,306839,1679483,0.18269848823547363
gpt2,9,2,315456,1679483,0.18782922625541687
gpt2,9,3,330261,1679483,0.19664444029331207
gpt2,9,4,306783,1679483,0.1826651394367218
gpt2,9,5,309204,1679483,0.18410666286945343
gpt2,9,6,306771,1679483,0.18265800178050995
gpt2,9,7,307550,1679483,0.18312183022499084
gpt2,9,8,308107,1679483,0.1834534853696823
gpt2,9,9,306766,1679483,0.18265502154827118
gpt2,9,10,311963,1679483,0.18574942648410797
gpt2,9,11,304313,1679483,0.1811944544315338
gpt2,10,0,302719,1679483,0.18024535477161407
gpt2,10,1,306814,1679483,0.18268360197544098
gpt2,10,2,300708,1679483,0.17904795706272125
gpt2,10,3,299237,1679483,0.17817209661006927
gpt2,10,4,306492,1679483,0.18249186873435974
gpt2,10,5,304898,1679483,0.18154276907444
gpt2,10,6,307232,1679483,0.18293248116970062
gpt2,10,7,310252,1679483,0.184730663895607
gpt2,10,8,306759,1679483,0.1826508492231369
gpt2,10,9,311519,1679483,0.18548505008220673
gpt2,10,10,306647,1679483,0.18258416652679443
gpt2,10,11,306062,1679483,0.18223583698272705
gpt2,11,0,277875,1679483,0.16545270383358002
gpt2,11,1,306905,1679483,0.1827377825975418
gpt2,11,2,306484,1679483,0.1824871152639389
gpt2,11,3,314760,1679483,0.18741482496261597
gpt2,11,4,306535,1679483,0.18251748383045197
gpt2,11,5,306955,1679483,0.18276755511760712
gpt2,11,6,306755,1679483,0.1826484650373459
gpt2,11,7,306622,1679483,0.18256928026676178
gpt2,11,8,276429,1679483,0.1645917296409607
gpt2,11,9,306825,1679483,0.18269014358520508
gpt2,11,10,310726,1679483,0.18501289188861847
gpt2,11,11,315870,1679483,0.1880757361650467
